<?xml version="1.0" encoding="UTF-8"?>

<Warnings> 
  <Warning xpath="id('sv3')" rootXPath="id('sv3')" key="UNDEFINED_HOME_PAGE" label="ClientRegular"> 
    <Message>The home element of the site view 'ClientRegular' is undefined</Message> 
  </Warning>  
  <Warning xpath="id('sv4')" rootXPath="id('sv4')" key="UNDEFINED_HOME_PAGE" label="ClientPremium"> 
    <Message>The home element of the site view 'ClientPremium' is undefined</Message> 
  </Warning>  
  <Warning xpath="id('sv1#area2')" rootXPath="id('sv1')" key="UNDEFINED_DEFAULT_PAGE" label="GerirApostas"> 
    <Message>The default element is undefined for area 'GerirApostas'</Message> 
  </Warning>  
  <Warning xpath="id('mov2#opm1#lgu3#oln5')" rootXPath="id('mov2')" key="AUTOMATIC_COUPLING_WITHOUT_EFFECT" label="OKFlow5"> 
    <Message>Neither explicit nor implicit parameters' bindings could be found for the flow 'OKFlow5'</Message>  
    <Resolution class="com.webratio.ide.ui.resources.ChangeAttributeResolutionGenerator" attribute="automaticCoupling" value="">Remove the 'Automatic Coupling' property</Resolution> 
  </Warning>  
  <Warning xpath="id('mov2#opm1#lgu3#kln1')" rootXPath="id('mov2')" key="AUTOMATIC_COUPLING_WITHOUT_EFFECT" label="KOFlow1"> 
    <Message>Neither explicit nor implicit parameters' bindings could be found for the flow 'KOFlow1'</Message>  
    <Resolution class="com.webratio.ide.ui.resources.ChangeAttributeResolutionGenerator" attribute="automaticCoupling" value="">Remove the 'Automatic Coupling' property</Resolution> 
  </Warning>  
  <Warning error="false" xpath="id('sv1#cru3')" rootXPath="id('sv1')" key="MISSING_UNIT_INCOMING_LINKS" label="addAposta"> 
    <Message>No incoming flows for the component 'addAposta'</Message> 
  </Warning>  
  <Warning xpath="id('sv2#miu6')" rootXPath="id('sv2')" error="false" label="sv2#miu6" key="NO_OUTGOING_OK_LINKS"> 
    <Message>No outgoing OK flow(s) for the operation 'sv2#miu6'</Message> 
  </Warning>  
  <Warning error="false" xpath="id('sv1#area1#page1#hinu1')" rootXPath="id('sv1')" key="UNSPECIFIED_SORTING_ATTRIBUTE" label="ListaEventos"> 
    <Message>Sorting attribute are unspecified for the component 'ListaEventos'</Message> 
  </Warning>  
  <Warning error="false" xpath="id('sv1#area1#page1#dau1')" rootXPath="id('sv1')" key="NO_DISPLAY_ATTRIBUTES" label="Evento"> 
    <Message>No attributes to display are specified for the component 'Evento'</Message> 
  </Warning>  
  <Warning error="false" xpath="id('sv1#area2#page3#enu1')" rootXPath="id('sv1')" key="NO_FIELDS" label="Efetuar Aposta"> 
    <Message>No fields or flows are specified for the component 'Efetuar Aposta'</Message> 
  </Warning>  
  <Warning xpath="id('sv2#page7#enu3#fld5')" rootXPath="id('sv2')" label="Password"> 
    <Message>Security Warning: the password field 'Password' does not have any validation to ensure password strength</Message>  
    <Resolution class="com.webratio.ide.ui.resources.AddMissingValidationRuleResolutionGenerator" validationRuleName="PasswordStrengthValidationRule">Add missing Password Strength validation rule</Resolution> 
  </Warning>  
  <Warning error="false" xpath="id('sv2#page7')" rootXPath="id('sv2')" key="" label="Login"> 
    <Message>Security Warning: the page 'Login' is public but no captcha field is configured on its form component</Message> 
  </Warning>  
  <Warning error="false" xpath="id('sv1#area2#page4')" rootXPath="id('sv1')" key="" label="Apostas"> 
    <Message>Security Warning: the page 'Apostas' is orphan</Message> 
  </Warning>  
  <Warning xpath="/WebProject" rootXPath="/WebProject" key="" label="WebProject" tab="security"> 
    <Message>Security Warning: the project contains a protected resource but the 'Protect URL' property is missing</Message>  
    <Resolution class="com.webratio.ide.ui.resources.ChangeAttributeResolutionGenerator" attribute="protectURL" value="true">Set the 'Protect URL' property to 'true'</Resolution> 
  </Warning> 
</Warnings>
