<?xml version="1.0" encoding="UTF-8"?>

<DBMetaData driverMajorVersion="5" driverMinorVersion="1" driverVersion="mysql-connector-java-5.1.47 ( Revision: fe1903b1ecb4a96a917f7ed3190d80c049b1de29 )" productVersion="8.0.15" identifierQuoteString="`" transactionLevel="Repeatable read" driverName="MySQL Connector Java" productName="MySQL">
  <Table schema="" ignoreIndexes="false" name="aposta" type="TABLE" refreshed="true">
    <Column sqlTypeId="4" indexed="unknown" autoIncrement="false" type="INT" size="10" decimalDigits="0" name="oid" primaryKey="true" notNull="true"/>
    <Column sqlTypeId="8" indexed="unknown" autoIncrement="false" type="DOUBLE" size="22" decimalDigits="0" name="valor" primaryKey="false" notNull="false"/>
    <Column sqlTypeId="91" indexed="unknown" autoIncrement="false" type="DATE" size="10" decimalDigits="0" name="data" primaryKey="false" notNull="false"/>
    <Column sqlTypeId="12" indexed="unknown" autoIncrement="false" type="VARCHAR" size="255" decimalDigits="0" name="resultadoaposta" primaryKey="false" notNull="false"/>
    <Column sqlTypeId="4" indexed="unknown" autoIncrement="false" type="INT" size="10" decimalDigits="0" name="resultado_oid" primaryKey="false" notNull="false"/>
    <Column sqlTypeId="4" indexed="unknown" autoIncrement="false" type="INT" size="10" decimalDigits="0" name="user_oid" primaryKey="false" notNull="false"/>
    <ForeignKey localColumnName="resultado_oid" foreignColumnName="oid" name="fk_aposta_resultado" foreignTableName="resultado" foreignSchemaName=""/>
    <ForeignKey localColumnName="user_oid" foreignColumnName="oid" name="fk_aposta_user" foreignTableName="user" foreignSchemaName=""/>
  </Table>
  <Table schema="" ignoreIndexes="false" name="aposta_evento" type="TABLE" refreshed="true">
    <Column sqlTypeId="4" indexed="unknown" autoIncrement="false" type="INT" size="10" decimalDigits="0" name="aposta_oid" primaryKey="true" notNull="true"/>
    <Column sqlTypeId="4" indexed="unknown" autoIncrement="false" type="INT" size="10" decimalDigits="0" name="evento_oid" primaryKey="true" notNull="true"/>
    <ForeignKey localColumnName="aposta_oid" foreignColumnName="oid" name="fk_aposta_evento_aposta" foreignTableName="aposta" foreignSchemaName=""/>
    <ForeignKey localColumnName="evento_oid" foreignColumnName="oid" name="fk_aposta_evento_evento" foreignTableName="evento" foreignSchemaName=""/>
  </Table>
  <Table schema="" ignoreIndexes="false" name="equipa" type="TABLE" refreshed="true">
    <Column sqlTypeId="4" indexed="unknown" autoIncrement="false" type="INT" size="10" decimalDigits="0" name="oid" primaryKey="true" notNull="true"/>
    <Column sqlTypeId="12" indexed="unknown" autoIncrement="false" type="VARCHAR" size="255" decimalDigits="0" name="nome" primaryKey="false" notNull="false"/>
  </Table>
  <Table schema="" ignoreIndexes="false" name="equipa_evento" type="TABLE" refreshed="true">
    <Column sqlTypeId="4" indexed="unknown" autoIncrement="false" type="INT" size="10" decimalDigits="0" name="equipa_oid" primaryKey="true" notNull="true"/>
    <Column sqlTypeId="4" indexed="unknown" autoIncrement="false" type="INT" size="10" decimalDigits="0" name="evento_oid" primaryKey="true" notNull="true"/>
    <ForeignKey localColumnName="equipa_oid" foreignColumnName="oid" name="fk_equipa_evento_equipa" foreignTableName="equipa" foreignSchemaName=""/>
    <ForeignKey localColumnName="evento_oid" foreignColumnName="oid" name="fk_equipa_evento_evento" foreignTableName="evento" foreignSchemaName=""/>
  </Table>
  <Table schema="" ignoreIndexes="false" name="equipa_resultado" type="TABLE" refreshed="true">
    <Column sqlTypeId="4" indexed="unknown" autoIncrement="false" type="INT" size="10" decimalDigits="0" name="equipa_oid" primaryKey="true" notNull="true"/>
    <Column sqlTypeId="4" indexed="unknown" autoIncrement="false" type="INT" size="10" decimalDigits="0" name="resultado_oid" primaryKey="true" notNull="true"/>
    <ForeignKey localColumnName="equipa_oid" foreignColumnName="oid" name="fk_equipa_resultado_equipa" foreignTableName="equipa" foreignSchemaName=""/>
    <ForeignKey localColumnName="resultado_oid" foreignColumnName="oid" name="fk_equipa_resultado_resultado" foreignTableName="resultado" foreignSchemaName=""/>
  </Table>
  <Table schema="" ignoreIndexes="false" name="evento" type="TABLE" refreshed="true">
    <Column sqlTypeId="4" indexed="unknown" autoIncrement="false" type="INT" size="10" decimalDigits="0" name="oid" primaryKey="true" notNull="true"/>
    <Column sqlTypeId="8" indexed="unknown" autoIncrement="false" type="DOUBLE" size="22" decimalDigits="0" name="odd1" primaryKey="false" notNull="false"/>
    <Column sqlTypeId="8" indexed="unknown" autoIncrement="false" type="DOUBLE" size="22" decimalDigits="0" name="oddx" primaryKey="false" notNull="false"/>
    <Column sqlTypeId="8" indexed="unknown" autoIncrement="false" type="DOUBLE" size="22" decimalDigits="0" name="odd2" primaryKey="false" notNull="false"/>
    <Column sqlTypeId="91" indexed="unknown" autoIncrement="false" type="DATE" size="10" decimalDigits="0" name="data" primaryKey="false" notNull="false"/>
    <Column sqlTypeId="4" indexed="unknown" autoIncrement="false" type="INT" size="10" decimalDigits="0" name="resultado_oid" primaryKey="false" notNull="false"/>
    <ForeignKey localColumnName="resultado_oid" foreignColumnName="oid" name="fk_evento_resultado" foreignTableName="resultado" foreignSchemaName=""/>
  </Table>
  <Table schema="" ignoreIndexes="false" name="group" type="TABLE" refreshed="true">
    <Column sqlTypeId="4" indexed="unknown" autoIncrement="false" type="INT" size="10" decimalDigits="0" name="oid" primaryKey="true" notNull="true"/>
    <Column sqlTypeId="12" indexed="unknown" autoIncrement="false" type="VARCHAR" size="255" decimalDigits="0" name="groupname" primaryKey="false" notNull="false"/>
    <Column sqlTypeId="4" indexed="unknown" autoIncrement="false" type="INT" size="10" decimalDigits="0" name="module_oid" primaryKey="false" notNull="false"/>
    <ForeignKey localColumnName="module_oid" foreignColumnName="oid" name="fk_group_module" foreignTableName="module" foreignSchemaName=""/>
  </Table>
  <Table schema="" ignoreIndexes="false" name="group_module" type="TABLE" refreshed="true">
    <Column sqlTypeId="4" indexed="unknown" autoIncrement="false" type="INT" size="10" decimalDigits="0" name="group_oid" primaryKey="true" notNull="true"/>
    <Column sqlTypeId="4" indexed="unknown" autoIncrement="false" type="INT" size="10" decimalDigits="0" name="module_oid" primaryKey="true" notNull="true"/>
    <ForeignKey localColumnName="group_oid" foreignColumnName="oid" name="fk_group_module_group" foreignTableName="group" foreignSchemaName=""/>
    <ForeignKey localColumnName="module_oid" foreignColumnName="oid" name="fk_group_module_module" foreignTableName="module" foreignSchemaName=""/>
  </Table>
  <Table schema="" ignoreIndexes="false" name="module" type="TABLE" refreshed="true">
    <Column sqlTypeId="4" indexed="unknown" autoIncrement="false" type="INT" size="10" decimalDigits="0" name="oid" primaryKey="true" notNull="true"/>
    <Column sqlTypeId="12" indexed="unknown" autoIncrement="false" type="VARCHAR" size="255" decimalDigits="0" name="moduleid" primaryKey="false" notNull="false"/>
    <Column sqlTypeId="12" indexed="unknown" autoIncrement="false" type="VARCHAR" size="255" decimalDigits="0" name="modulename" primaryKey="false" notNull="false"/>
  </Table>
  <Table schema="" ignoreIndexes="false" name="resultado" type="TABLE" refreshed="true">
    <Column sqlTypeId="4" indexed="unknown" autoIncrement="false" type="INT" size="10" decimalDigits="0" name="oid" primaryKey="true" notNull="true"/>
    <Column sqlTypeId="12" indexed="unknown" autoIncrement="false" type="VARCHAR" size="255" decimalDigits="0" name="resultado" primaryKey="false" notNull="false"/>
    <Column sqlTypeId="4" indexed="unknown" autoIncrement="false" type="INT" size="10" decimalDigits="0" name="equipa_oid" primaryKey="false" notNull="false"/>
    <ForeignKey localColumnName="equipa_oid" foreignColumnName="oid" name="fk_resultado_equipa" foreignTableName="equipa" foreignSchemaName=""/>
  </Table>
  <Table schema="" ignoreIndexes="false" name="user" type="TABLE" refreshed="true">
    <Column sqlTypeId="4" indexed="unknown" autoIncrement="false" type="INT" size="10" decimalDigits="0" name="oid" primaryKey="true" notNull="true"/>
    <Column sqlTypeId="12" indexed="unknown" autoIncrement="false" type="VARCHAR" size="255" decimalDigits="0" name="username" primaryKey="false" notNull="false"/>
    <Column sqlTypeId="12" indexed="unknown" autoIncrement="false" type="VARCHAR" size="255" decimalDigits="0" name="password" primaryKey="false" notNull="false"/>
    <Column sqlTypeId="12" indexed="unknown" autoIncrement="false" type="VARCHAR" size="255" decimalDigits="0" name="email" primaryKey="false" notNull="false"/>
    <Column sqlTypeId="8" indexed="unknown" autoIncrement="false" type="DOUBLE" size="22" decimalDigits="0" name="saldo" primaryKey="false" notNull="false"/>
    <Column sqlTypeId="4" indexed="unknown" autoIncrement="false" type="INT" size="10" decimalDigits="0" name="group_oid" primaryKey="false" notNull="false"/>
    <ForeignKey localColumnName="group_oid" foreignColumnName="oid" name="fk_user_group" foreignTableName="group" foreignSchemaName=""/>
  </Table>
  <Table schema="" ignoreIndexes="false" name="user_group" type="TABLE" refreshed="true">
    <Column sqlTypeId="4" indexed="unknown" autoIncrement="false" type="INT" size="10" decimalDigits="0" name="user_oid" primaryKey="true" notNull="true"/>
    <Column sqlTypeId="4" indexed="unknown" autoIncrement="false" type="INT" size="10" decimalDigits="0" name="group_oid" primaryKey="true" notNull="true"/>
    <ForeignKey localColumnName="group_oid" foreignColumnName="oid" name="fk_user_group_group" foreignTableName="group" foreignSchemaName=""/>
    <ForeignKey localColumnName="user_oid" foreignColumnName="oid" name="fk_user_group_user" foreignTableName="user" foreignSchemaName=""/>
  </Table>
</DBMetaData>
