<?xml version="1.0" encoding="UTF-8"?>

<Warnings> 
  <Warning xpath="id('password')" rootXPath="/WebProject/DataModel" label="password" tab="mapping"> 
    <Message>Security Warning: the 'password' attribute is not encrypted</Message>  
    <Resolution class="com.webratio.ide.ui.resources.ChangeAttributeResolutionGenerator" attribute="db:cryptAlgorithm" value="com.webratio.rtx.core.PBKDF2WithHmacSHA1CryptImplementation">Set the 'Crypt Algorithm' property to 'PBKDF2WithHmacSHA1'</Resolution> 
  </Warning>  
  <Warning xpath="id('User')" rootXPath="/WebProject/DataModel" error="true" tab="mapping" label="User"> 
    <Message>The mapping database of the entity 'User' is unspecified</Message> 
  </Warning>  
  <Warning xpath="id('Group')" rootXPath="/WebProject/DataModel" error="true" tab="mapping" label="Group"> 
    <Message>The mapping database of the entity 'Group' is unspecified</Message> 
  </Warning>  
  <Warning xpath="id('Module')" rootXPath="/WebProject/DataModel" error="true" tab="mapping" label="Module"> 
    <Message>The mapping database of the entity 'Module' is unspecified</Message> 
  </Warning>  
  <Warning xpath="id('ent1')" rootXPath="/WebProject/DataModel" error="true" tab="mapping" label="Evento"> 
    <Message>The mapping database of the entity 'Evento' is unspecified</Message> 
  </Warning>  
  <Warning xpath="id('ent2')" rootXPath="/WebProject/DataModel" error="true" tab="mapping" label="Equipa"> 
    <Message>The mapping database of the entity 'Equipa' is unspecified</Message> 
  </Warning>  
  <Warning xpath="id('ent4')" rootXPath="/WebProject/DataModel" error="true" tab="mapping" label="Aposta"> 
    <Message>The mapping database of the entity 'Aposta' is unspecified</Message> 
  </Warning>  
  <Warning xpath="id('ent3')" rootXPath="/WebProject/DataModel" error="true" tab="mapping" label="Resultado"> 
    <Message>The mapping database of the entity 'Resultado' is unspecified</Message> 
  </Warning>  
  <Warning xpath="id('User2Group_Group2User')" rootXPath="/WebProject/DataModel" error="true" tab="mapping" label="User_Group"> 
    <Message>The mapping database of the relationship 'User_Group' is unspecified</Message> 
  </Warning>
  <Warning xpath="id('User2DefaultGroup_DefaultGroup2User')" rootXPath="/WebProject/DataModel" error="true" tab="mapping" label="User_DefaultGroup"> 
    <Message>The mapping database of the relationship 'User_DefaultGroup' is unspecified</Message> 
  </Warning>
  <Warning xpath="id('Group2DefaultModule_DefaultModule2Group')" rootXPath="/WebProject/DataModel" error="true" tab="mapping" label="Group_DefaultModule"> 
    <Message>The mapping database of the relationship 'Group_DefaultModule' is unspecified</Message> 
  </Warning>
  <Warning xpath="id('Group2Module_Module2Group')" rootXPath="/WebProject/DataModel" error="true" tab="mapping" label="Group_Module"> 
    <Message>The mapping database of the relationship 'Group_Module' is unspecified</Message> 
  </Warning>
  <Warning xpath="id('rel1')" rootXPath="/WebProject/DataModel" error="true" tab="mapping" label="Equipa_Evento"> 
    <Message>The mapping database of the relationship 'Equipa_Evento' is unspecified</Message> 
  </Warning>
  <Warning xpath="id('rel2')" rootXPath="/WebProject/DataModel" error="true" tab="mapping" label="Aposta_Evento"> 
    <Message>The mapping database of the relationship 'Aposta_Evento' is unspecified</Message> 
  </Warning>
  <Warning xpath="id('rel3')" rootXPath="/WebProject/DataModel" error="true" tab="mapping" label="User_Aposta"> 
    <Message>The mapping database of the relationship 'User_Aposta' is unspecified</Message> 
  </Warning>
  <Warning xpath="id('rel6')" rootXPath="/WebProject/DataModel" error="true" tab="mapping" label="Aposta_Resultado"> 
    <Message>The mapping database of the relationship 'Aposta_Resultado' is unspecified</Message> 
  </Warning>  
  <Warning xpath="/WebProject" rootXPath="/WebProject" key="" label="WebProject" tab="security"> 
    <Message>Security Warning: the project contains a protected resource but the 'Protect URL' property is missing</Message>  
    <Resolution class="com.webratio.ide.ui.resources.ChangeAttributeResolutionGenerator" attribute="protectURL" value="true">Set the 'Protect URL' property to 'true'</Resolution> 
  </Warning> 
</Warnings>
